First Name,Last Name,Social Security Number,Email Address
Tina,Fleming,619-16-7988,Tina.Fleming@example.com
Erica,Shah,164-51-7615,Erica.Shah@example.com
Paula,Ortiz,051-83-3290,Paula.Ortiz@example.com
James,Hendricks,776-83-2884,James.Hendricks@example.com
Lauren,King,197-94-2398,Lauren.King@example.com
David,Cowan,252-92-1832,David.Cowan@example.com
Andrew,Burton,296-23-6842,Andrew.Burton@example.com
Julian,Baker,337-40-7543,Julian.Baker@example.com
Scott,Castro,399-46-5595,Scott.Castro@example.com
Billy,Rodriguez,014-18-2503,Billy.Rodriguez@example.com
Darrell,Leblanc,005-82-7918,Darrell.Leblanc@example.com
David,Hammond,561-17-6312,David.Hammond@example.com
